CLS,IN
Statins,atorvastatin 
Statins,fluvastatin 
Statins,lovastatin 
Statins,pravastatin 
Statins,rosuvastatin 
Statins,pitavastatin 
Statins,simvastatin 
Bile Acid Resins/Sequestrants,colestipol
Bile Acid Resins/Sequestrants,cholestyramine
Bile Acid Resins/Sequestrants,colesevelam
Fibrates,clofibrate
Fibrates,fenofibrate
Fibrates,gemfibrozil
Fibrates,bezafibrate
Fibrates,etrofibrate
Fibrates,pemafibrate
Monoclonal Antibodies,alirocumab
Monoclonal Antibodies,evinacumab
Monoclonal Antibodies,evolocumab
